year,num,prefecture,pop.1000,GRP.mill,goods,ton
2000,1,Hokkaido,5683,20471299,agriculture,13062354
2000,1,Hokkaido,5683,20471299,wood,2100076
2000,1,Hokkaido,5683,20471299,mine,47400509
2000,1,Hokkaido,5683,20471299,machine,8638957
2000,1,Hokkaido,5683,20471299,chemical,68047304
2000,1,Hokkaido,5683,20471299,Smachine,13457707
2000,1,Hokkaido,5683,20471299,miscind,3209660
2000,1,Hokkaido,5683,20471299,special,8445845
2000,1,Hokkaido,5683,20471299,total,164362412
2000,2,Aomori,1476,4622235,agriculture,3558257
2000,2,Aomori,1476,4622235,wood,481593
2000,2,Aomori,1476,4622235,mine,17733394
2000,2,Aomori,1476,4622235,machine,2025278
2000,2,Aomori,1476,4622235,chemical,10073313
2000,2,Aomori,1476,4622235,Smachine,2344651
2000,2,Aomori,1476,4622235,miscind,687354
2000,2,Aomori,1476,4622235,special,2391114
2000,2,Aomori,1476,4622235,total,39294954
2000,3,Iwate,1416,4893514,agriculture,1725137
2000,3,Iwate,1416,4893514,wood,906590
2000,3,Iwate,1416,4893514,mine,15373502
2000,3,Iwate,1416,4893514,machine,2207847
2000,3,Iwate,1416,4893514,chemical,14041095
2000,3,Iwate,1416,4893514,Smachine,2268808
2000,3,Iwate,1416,4893514,miscind,2031276
2000,3,Iwate,1416,4893514,special,690371
2000,3,Iwate,1416,4893514,total,39244626
2000,4,Miyagi,2365,8732320,agriculture,4009951
2000,4,Miyagi,2365,8732320,wood,1421064
2000,4,Miyagi,2365,8732320,mine,21233862
2000,4,Miyagi,2365,8732320,machine,6042904
2000,4,Miyagi,2365,8732320,chemical,23096603
2000,4,Miyagi,2365,8732320,Smachine,7278886
2000,4,Miyagi,2365,8732320,miscind,2444215
2000,4,Miyagi,2365,8732320,special,4188155
2000,4,Miyagi,2365,8732320,total,69715640
2000,5,Akita,1189,4041191,agriculture,1426790
2000,5,Akita,1189,4041191,wood,1156220
2000,5,Akita,1189,4041191,mine,10712830
2000,5,Akita,1189,4041191,machine,2168584
2000,5,Akita,1189,4041191,chemical,7483542
2000,5,Akita,1189,4041191,Smachine,1634107
2000,5,Akita,1189,4041191,miscind,699626
2000,5,Akita,1189,4041191,special,290903
2000,5,Akita,1189,4041191,total,25572602
2000,6,Yamagata,1244,4269420,agriculture,1116654
2000,6,Yamagata,1244,4269420,wood,724471
2000,6,Yamagata,1244,4269420,mine,10613515
2000,6,Yamagata,1244,4269420,machine,1893757
2000,6,Yamagata,1244,4269420,chemical,7938027
2000,6,Yamagata,1244,4269420,Smachine,2014291
2000,6,Yamagata,1244,4269420,miscind,968461
2000,6,Yamagata,1244,4269420,special,386693
2000,6,Yamagata,1244,4269420,total,25655869
2000,7,Fukushima,2127,8136629,agriculture,1427899
2000,7,Fukushima,2127,8136629,wood,1171721
2000,7,Fukushima,2127,8136629,mine,21344999
2000,7,Fukushima,2127,8136629,machine,7155191
2000,7,Fukushima,2127,8136629,chemical,17585632
2000,7,Fukushima,2127,8136629,Smachine,4831777
2000,7,Fukushima,2127,8136629,miscind,1299237
2000,7,Fukushima,2127,8136629,special,935232
2000,7,Fukushima,2127,8136629,total,55751688
2000,8,Ibaraki,2986,11130983,agriculture,7430916
2000,8,Ibaraki,2986,11130983,wood,518991
2000,8,Ibaraki,2986,11130983,mine,32253906
2000,8,Ibaraki,2986,11130983,machine,14091474
2000,8,Ibaraki,2986,11130983,chemical,41413786
2000,8,Ibaraki,2986,11130983,Smachine,6657984
2000,8,Ibaraki,2986,11130983,miscind,3656548
2000,8,Ibaraki,2986,11130983,special,6614542
2000,8,Ibaraki,2986,11130983,total,112638147
2000,9,Tochigi,2005,8000461,agriculture,1462002
2000,9,Tochigi,2005,8000461,wood,455854
2000,9,Tochigi,2005,8000461,mine,29675654
2000,9,Tochigi,2005,8000461,machine,9276933
2000,9,Tochigi,2005,8000461,chemical,19951555
2000,9,Tochigi,2005,8000461,Smachine,4660418
2000,9,Tochigi,2005,8000461,miscind,1995225
2000,9,Tochigi,2005,8000461,special,965333
2000,9,Tochigi,2005,8000461,total,68442974
2000,10,Gunma,2025,7986324,agriculture,2368167
2000,10,Gunma,2025,7986324,wood,721387
2000,10,Gunma,2025,7986324,mine,20998144
2000,10,Gunma,2025,7986324,machine,10888840
2000,10,Gunma,2025,7986324,chemical,10113362
2000,10,Gunma,2025,7986324,Smachine,6918376
2000,10,Gunma,2025,7986324,miscind,1421271
2000,10,Gunma,2025,7986324,special,1349157
2000,10,Gunma,2025,7986324,total,54778704
2000,11,Saitama,6938,20399563,agriculture,5585616
2000,11,Saitama,6938,20399563,wood,621469
2000,11,Saitama,6938,20399563,mine,8672015
2000,11,Saitama,6938,20399563,machine,16414020
2000,11,Saitama,6938,20399563,chemical,49082921
2000,11,Saitama,6938,20399563,Smachine,12128088
2000,11,Saitama,6938,20399563,miscind,7846944
2000,11,Saitama,6938,20399563,special,6702281
2000,11,Saitama,6938,20399563,total,107053354
2000,12,Chiba,5926,18809991,agriculture,5562804
2000,12,Chiba,5926,18809991,wood,1470182
2000,12,Chiba,5926,18809991,mine,16760672
2000,12,Chiba,5926,18809991,machine,39212269
2000,12,Chiba,5926,18809991,chemical,105213543
2000,12,Chiba,5926,18809991,Smachine,10173347
2000,12,Chiba,5926,18809991,miscind,2763948
2000,12,Chiba,5926,18809991,special,3156572
2000,12,Chiba,5926,18809991,total,184313337
2000,13,Tokyo,12064,89650236,agriculture,19972842
2000,13,Tokyo,12064,89650236,wood,1377499
2000,13,Tokyo,12064,89650236,mine,10260611
2000,13,Tokyo,12064,89650236,machine,40076491
2000,13,Tokyo,12064,89650236,chemical,42984594
2000,13,Tokyo,12064,89650236,Smachine,27530808
2000,13,Tokyo,12064,89650236,miscind,14878500
2000,13,Tokyo,12064,89650236,special,7094311
2000,13,Tokyo,12064,89650236,total,164175656
2000,14,Kanagawa,8490,31415037,agriculture,10096521
2000,14,Kanagawa,8490,31415037,wood,1201100
2000,14,Kanagawa,8490,31415037,mine,21125823
2000,14,Kanagawa,8490,31415037,machine,27272773
2000,14,Kanagawa,8490,31415037,chemical,93699652
2000,14,Kanagawa,8490,31415037,Smachine,12359872
2000,14,Kanagawa,8490,31415037,miscind,4629034
2000,14,Kanagawa,8490,31415037,special,6019031
2000,14,Kanagawa,8490,31415037,total,176403806
2000,15,Niigata,2476,9548687,agriculture,2251974
2000,15,Niigata,2476,9548687,wood,1081094
2000,15,Niigata,2476,9548687,mine,24914301
2000,15,Niigata,2476,9548687,machine,4879100
2000,15,Niigata,2476,9548687,chemical,26711970
2000,15,Niigata,2476,9548687,Smachine,5520451
2000,15,Niigata,2476,9548687,miscind,1517220
2000,15,Niigata,2476,9548687,special,3079613
2000,15,Niigata,2476,9548687,total,69955723
2000,16,Toyama,1121,4773915,agriculture,787074
2000,16,Toyama,1121,4773915,wood,851231
2000,16,Toyama,1121,4773915,mine,14649002
2000,16,Toyama,1121,4773915,machine,5535150
2000,16,Toyama,1121,4773915,chemical,12269354
2000,16,Toyama,1121,4773915,Smachine,2780929
2000,16,Toyama,1121,4773915,miscind,1136857
2000,16,Toyama,1121,4773915,special,489579
2000,16,Toyama,1121,4773915,total,38499176
2000,17,Ishikawa,1181,4984154,agriculture,896891
2000,17,Ishikawa,1181,4984154,wood,457198
2000,17,Ishikawa,1181,4984154,mine,5682562
2000,17,Ishikawa,1181,4984154,machine,3009821
2000,17,Ishikawa,1181,4984154,chemical,13053959
2000,17,Ishikawa,1181,4984154,Smachine,2844702
2000,17,Ishikawa,1181,4984154,miscind,981832
2000,17,Ishikawa,1181,4984154,special,479777
2000,17,Ishikawa,1181,4984154,total,27406742
2000,18,Fukui,829,3306874,agriculture,471162
2000,18,Fukui,829,3306874,wood,304279
2000,18,Fukui,829,3306874,mine,6955323
2000,18,Fukui,829,3306874,machine,1451503
2000,18,Fukui,829,3306874,chemical,8351815
2000,18,Fukui,829,3306874,Smachine,2172466
2000,18,Fukui,829,3306874,miscind,493261
2000,18,Fukui,829,3306874,special,323464
2000,18,Fukui,829,3306874,total,20523273
2000,19,Yamanashi,888,3199643,agriculture,338536
2000,19,Yamanashi,888,3199643,wood,105059
2000,19,Yamanashi,888,3199643,mine,11663039
2000,19,Yamanashi,888,3199643,machine,1110844
2000,19,Yamanashi,888,3199643,chemical,5946491
2000,19,Yamanashi,888,3199643,Smachine,1445348
2000,19,Yamanashi,888,3199643,miscind,493496
2000,19,Yamanashi,888,3199643,special,235474
2000,19,Yamanashi,888,3199643,total,21338287
2000,20,Nagano,2215,8619046,agriculture,2618225
2000,20,Nagano,2215,8619046,wood,705944
2000,20,Nagano,2215,8619046,mine,38036922
2000,20,Nagano,2215,8619046,machine,6311846
2000,20,Nagano,2215,8619046,chemical,12852836
2000,20,Nagano,2215,8619046,Smachine,4958317
2000,20,Nagano,2215,8619046,miscind,1100549
2000,20,Nagano,2215,8619046,special,1982883
2000,20,Nagano,2215,8619046,total,68567522
2000,21,Gifu,2108,7573561,agriculture,1436752
2000,21,Gifu,2108,7573561,wood,487736
2000,21,Gifu,2108,7573561,mine,34425996
2000,21,Gifu,2108,7573561,machine,4569365
2000,21,Gifu,2108,7573561,chemical,21072780
2000,21,Gifu,2108,7573561,Smachine,3114833
2000,21,Gifu,2108,7573561,miscind,2494201
2000,21,Gifu,2108,7573561,special,2360522
2000,21,Gifu,2108,7573561,total,69962185
2000,22,Shizuoka,3767,15990240,agriculture,4685885
2000,22,Shizuoka,3767,15990240,wood,2784660
2000,22,Shizuoka,3767,15990240,mine,16176853
2000,22,Shizuoka,3767,15990240,machine,17962190
2000,22,Shizuoka,3767,15990240,chemical,28414679
2000,22,Shizuoka,3767,15990240,Smachine,18860274
2000,22,Shizuoka,3767,15990240,miscind,3706456
2000,22,Shizuoka,3767,15990240,special,8440235
2000,22,Shizuoka,3767,15990240,total,101031232
2000,23,Aichi,7043,33361055,agriculture,10769294
2000,23,Aichi,7043,33361055,wood,5674483
2000,23,Aichi,7043,33361055,mine,35539266
2000,23,Aichi,7043,33361055,machine,70979783
2000,23,Aichi,7043,33361055,chemical,63221446
2000,23,Aichi,7043,33361055,Smachine,20220032
2000,23,Aichi,7043,33361055,miscind,7079238
2000,23,Aichi,7043,33361055,special,14867291
2000,23,Aichi,7043,33361055,total,228350833
2000,24,Mie,1857,7170027,agriculture,2168221
2000,24,Mie,1857,7170027,wood,738591
2000,24,Mie,1857,7170027,mine,28375499
2000,24,Mie,1857,7170027,machine,6116020
2000,24,Mie,1857,7170027,chemical,39356195
2000,24,Mie,1857,7170027,Smachine,2771248
2000,24,Mie,1857,7170027,miscind,1866999
2000,24,Mie,1857,7170027,special,1641253
2000,24,Mie,1857,7170027,total,83034026
2000,25,Shiga,1343,5822657,agriculture,334174
2000,25,Shiga,1343,5822657,wood,200074
2000,25,Shiga,1343,5822657,mine,9489306
2000,25,Shiga,1343,5822657,machine,6534452
2000,25,Shiga,1343,5822657,chemical,15481957
2000,25,Shiga,1343,5822657,Smachine,3098003
2000,25,Shiga,1343,5822657,miscind,1538201
2000,25,Shiga,1343,5822657,special,1123220
2000,25,Shiga,1343,5822657,total,37799387
2000,26,Kyoto,2644,9776633,agriculture,2129506
2000,26,Kyoto,2644,9776633,wood,276701
2000,26,Kyoto,2644,9776633,mine,13248829
2000,26,Kyoto,2644,9776633,machine,3870097
2000,26,Kyoto,2644,9776633,chemical,10685385
2000,26,Kyoto,2644,9776633,Smachine,5918729
2000,26,Kyoto,2644,9776633,miscind,1461057
2000,26,Kyoto,2644,9776633,special,1081803
2000,26,Kyoto,2644,9776633,total,38672107
2000,27,Osaka,8805,39609306,agriculture,10160149
2000,27,Osaka,8805,39609306,wood,988579
2000,27,Osaka,8805,39609306,mine,12904398
2000,27,Osaka,8805,39609306,machine,53067738
2000,27,Osaka,8805,39609306,chemical,71173674
2000,27,Osaka,8805,39609306,Smachine,19905768
2000,27,Osaka,8805,39609306,miscind,11235798
2000,27,Osaka,8805,39609306,special,6046732
2000,27,Osaka,8805,39609306,total,185482836
2000,28,Hyougo,5551,20272696,agriculture,7718647
2000,28,Hyougo,5551,20272696,wood,1371707
2000,28,Hyougo,5551,20272696,mine,22081867
2000,28,Hyougo,5551,20272696,machine,27961225
2000,28,Hyougo,5551,20272696,chemical,47689481
2000,28,Hyougo,5551,20272696,Smachine,15302817
2000,28,Hyougo,5551,20272696,miscind,3867759
2000,28,Hyougo,5551,20272696,special,5002109
2000,28,Hyougo,5551,20272696,total,130995612
2000,29,Nara,1443,3894467,agriculture,371850
2000,29,Nara,1443,3894467,wood,695940
2000,29,Nara,1443,3894467,mine,4170815
2000,29,Nara,1443,3894467,machine,1950140
2000,29,Nara,1443,3894467,chemical,6263174
2000,29,Nara,1443,3894467,Smachine,1665787
2000,29,Nara,1443,3894467,miscind,923072
2000,29,Nara,1443,3894467,special,471881
2000,29,Nara,1443,3894467,total,16512659
2000,30,Wakayama,1070,3356343,agriculture,612660
2000,30,Wakayama,1070,3356343,wood,592280
2000,30,Wakayama,1070,3356343,mine,1796127
2000,30,Wakayama,1070,3356343,machine,6523129
2000,30,Wakayama,1070,3356343,chemical,11984005
2000,30,Wakayama,1070,3356343,Smachine,1138528
2000,30,Wakayama,1070,3356343,miscind,863867
2000,30,Wakayama,1070,3356343,special,571760
2000,30,Wakayama,1070,3356343,total,24082356
2000,31,Tottori,613,2193123,agriculture,618480
2000,31,Tottori,613,2193123,wood,214614
2000,31,Tottori,613,2193123,mine,4336231
2000,31,Tottori,613,2193123,machine,615673
2000,31,Tottori,613,2193123,chemical,5614094
2000,31,Tottori,613,2193123,Smachine,1416067
2000,31,Tottori,613,2193123,miscind,408809
2000,31,Tottori,613,2193123,special,334695
2000,31,Tottori,613,2193123,total,13558663
2000,32,Shimane,762,2604651,agriculture,309175
2000,32,Shimane,762,2604651,wood,292892
2000,32,Shimane,762,2604651,mine,11459777
2000,32,Shimane,762,2604651,machine,1205364
2000,32,Shimane,762,2604651,chemical,5703402
2000,32,Shimane,762,2604651,Smachine,670718
2000,32,Shimane,762,2604651,miscind,2304576
2000,32,Shimane,762,2604651,special,894504
2000,32,Shimane,762,2604651,total,22840408
2000,33,Okayama,1951,7525002,agriculture,2826433
2000,33,Okayama,1951,7525002,wood,812607
2000,33,Okayama,1951,7525002,mine,30984024
2000,33,Okayama,1951,7525002,machine,19657097
2000,33,Okayama,1951,7525002,chemical,45727174
2000,33,Okayama,1951,7525002,Smachine,4330274
2000,33,Okayama,1951,7525002,miscind,1472293
2000,33,Okayama,1951,7525002,special,4082647
2000,33,Okayama,1951,7525002,total,109892549
2000,34,Hiroshima,2879,11375854,agriculture,2842689
2000,34,Hiroshima,2879,11375854,wood,2157514
2000,34,Hiroshima,2879,11375854,mine,17683275
2000,34,Hiroshima,2879,11375854,machine,29676068
2000,34,Hiroshima,2879,11375854,chemical,17402059
2000,34,Hiroshima,2879,11375854,Smachine,6227862
2000,34,Hiroshima,2879,11375854,miscind,2420860
2000,34,Hiroshima,2879,11375854,special,2605101
2000,34,Hiroshima,2879,11375854,total,81015428
2000,35,Yamaguchi,1528,5735688,agriculture,1390474
2000,35,Yamaguchi,1528,5735688,wood,1127186
2000,35,Yamaguchi,1528,5735688,mine,15724710
2000,35,Yamaguchi,1528,5735688,machine,5971485
2000,35,Yamaguchi,1528,5735688,chemical,60008785
2000,35,Yamaguchi,1528,5735688,Smachine,3055406
2000,35,Yamaguchi,1528,5735688,miscind,760556
2000,35,Yamaguchi,1528,5735688,special,2384057
2000,35,Yamaguchi,1528,5735688,total,90422659
2000,36,Tokushima,824,2776944,agriculture,1007389
2000,36,Tokushima,824,2776944,wood,344662
2000,36,Tokushima,824,2776944,mine,4448531
2000,36,Tokushima,824,2776944,machine,652795
2000,36,Tokushima,824,2776944,chemical,8369423
2000,36,Tokushima,824,2776944,Smachine,3210053
2000,36,Tokushima,824,2776944,miscind,863314
2000,36,Tokushima,824,2776944,special,1304408
2000,36,Tokushima,824,2776944,total,20200575
2000,37,Kagawa,1023,3764063,agriculture,1498785
2000,37,Kagawa,1023,3764063,wood,341270
2000,37,Kagawa,1023,3764063,mine,17204375
2000,37,Kagawa,1023,3764063,machine,4223789
2000,37,Kagawa,1023,3764063,chemical,18202666
2000,37,Kagawa,1023,3764063,Smachine,3214918
2000,37,Kagawa,1023,3764063,miscind,866252
2000,37,Kagawa,1023,3764063,special,1097041
2000,37,Kagawa,1023,3764063,total,46649096
2000,38,Ehime,1493,5181398,agriculture,1448416
2000,38,Ehime,1493,5181398,wood,643706
2000,38,Ehime,1493,5181398,mine,10960847
2000,38,Ehime,1493,5181398,machine,2595109
2000,38,Ehime,1493,5181398,chemical,18693419
2000,38,Ehime,1493,5181398,Smachine,8090757
2000,38,Ehime,1493,5181398,miscind,698667
2000,38,Ehime,1493,5181398,special,625692
2000,38,Ehime,1493,5181398,total,43756613
2000,39,Kouchi,814,2498700,agriculture,598755
2000,39,Kouchi,814,2498700,wood,355769
2000,39,Kouchi,814,2498700,mine,12545163
2000,39,Kouchi,814,2498700,machine,767748
2000,39,Kouchi,814,2498700,chemical,8787258
2000,39,Kouchi,814,2498700,Smachine,1029765
2000,39,Kouchi,814,2498700,miscind,325379
2000,39,Kouchi,814,2498700,special,152774
2000,39,Kouchi,814,2498700,total,24562611
2000,40,Fukuoka,5016,17820424,agriculture,7924646
2000,40,Fukuoka,5016,17820424,wood,1812807
2000,40,Fukuoka,5016,17820424,mine,41869014
2000,40,Fukuoka,5016,17820424,machine,17994755
2000,40,Fukuoka,5016,17820424,chemical,50667216
2000,40,Fukuoka,5016,17820424,Smachine,13927154
2000,40,Fukuoka,5016,17820424,miscind,4277003
2000,40,Fukuoka,5016,17820424,special,3751805
2000,40,Fukuoka,5016,17820424,total,142224400
2000,41,Saga,877,3021823,agriculture,1228980
2000,41,Saga,877,3021823,wood,315769
2000,41,Saga,877,3021823,mine,4447349
2000,41,Saga,877,3021823,machine,1106262
2000,41,Saga,877,3021823,chemical,7214464
2000,41,Saga,877,3021823,Smachine,2904115
2000,41,Saga,877,3021823,miscind,2066782
2000,41,Saga,877,3021823,special,721838
2000,41,Saga,877,3021823,total,20005559
2000,42,Nagasaki,1517,4563209,agriculture,1485437
2000,42,Nagasaki,1517,4563209,wood,91505
2000,42,Nagasaki,1517,4563209,mine,10479902
2000,42,Nagasaki,1517,4563209,machine,2889212
2000,42,Nagasaki,1517,4563209,chemical,9392346
2000,42,Nagasaki,1517,4563209,Smachine,1854506
2000,42,Nagasaki,1517,4563209,miscind,343819
2000,42,Nagasaki,1517,4563209,special,312147
2000,42,Nagasaki,1517,4563209,total,26848874
2000,43,Kumamoto,1859,5551841,agriculture,2497899
2000,43,Kumamoto,1859,5551841,wood,626665
2000,43,Kumamoto,1859,5551841,mine,12087464
2000,43,Kumamoto,1859,5551841,machine,2916060
2000,43,Kumamoto,1859,5551841,chemical,12289489
2000,43,Kumamoto,1859,5551841,Smachine,3225461
2000,43,Kumamoto,1859,5551841,miscind,640432
2000,43,Kumamoto,1859,5551841,special,873664
2000,43,Kumamoto,1859,5551841,total,35157134
2000,44,Ooita,1221,4440515,agriculture,926520
2000,44,Ooita,1221,4440515,wood,871726
2000,44,Ooita,1221,4440515,mine,31640342
2000,44,Ooita,1221,4440515,machine,12270395
2000,44,Ooita,1221,4440515,chemical,27600396
2000,44,Ooita,1221,4440515,Smachine,1972645
2000,44,Ooita,1221,4440515,miscind,1012183
2000,44,Ooita,1221,4440515,special,890497
2000,44,Ooita,1221,4440515,total,77184704
2000,45,Miyazaki,1170,3691610,agriculture,1896836
2000,45,Miyazaki,1170,3691610,wood,640581
2000,45,Miyazaki,1170,3691610,mine,7127386
2000,45,Miyazaki,1170,3691610,machine,1013235
2000,45,Miyazaki,1170,3691610,chemical,7816491
2000,45,Miyazaki,1170,3691610,Smachine,2298790
2000,45,Miyazaki,1170,3691610,miscind,524937
2000,45,Miyazaki,1170,3691610,special,1042171
2000,45,Miyazaki,1170,3691610,total,22360427
2000,46,Kagoshima,1786,5525044,agriculture,6888843
2000,46,Kagoshima,1786,5525044,wood,327267
2000,46,Kagoshima,1786,5525044,mine,13524729
2000,46,Kagoshima,1786,5525044,machine,970645
2000,46,Kagoshima,1786,5525044,chemical,12623306
2000,46,Kagoshima,1786,5525044,Smachine,2222303
2000,46,Kagoshima,1786,5525044,miscind,993548
2000,46,Kagoshima,1786,5525044,special,6180261
2000,46,Kagoshima,1786,5525044,total,43730902
2000,47,Okinawa,1318,3506407,agriculture,1005972
2000,47,Okinawa,1318,3506407,wood,12420
2000,47,Okinawa,1318,3506407,mine,11588976
2000,47,Okinawa,1318,3506407,machine,584825
2000,47,Okinawa,1318,3506407,chemical,15706115
2000,47,Okinawa,1318,3506407,Smachine,1963485
2000,47,Okinawa,1318,3506407,miscind,529258
2000,47,Okinawa,1318,3506407,special,289334
2000,47,Okinawa,1318,3506407,total,31680385
2005,1,Hokkaido,5628,19883837,agriculture,10773522
2005,1,Hokkaido,5628,19883837,wood,2922787
2005,1,Hokkaido,5628,19883837,mine,48000522
2005,1,Hokkaido,5628,19883837,machine,13326783
2005,1,Hokkaido,5628,19883837,chemical,40664495
2005,1,Hokkaido,5628,19883837,Smachine,16487184
2005,1,Hokkaido,5628,19883837,miscind,2884984
2005,1,Hokkaido,5628,19883837,special,9806916
2005,1,Hokkaido,5628,19883837,total,144867193
2005,2,Aomori,1437,4500069,agriculture,3168508
2005,2,Aomori,1437,4500069,wood,493971
2005,2,Aomori,1437,4500069,mine,15001088
2005,2,Aomori,1437,4500069,machine,2364016
2005,2,Aomori,1437,4500069,chemical,10116638
2005,2,Aomori,1437,4500069,Smachine,2166673
2005,2,Aomori,1437,4500069,miscind,724718
2005,2,Aomori,1437,4500069,special,4331849
2005,2,Aomori,1437,4500069,total,38367461
2005,3,Iwate,1385,4606014,agriculture,1444208
2005,3,Iwate,1385,4606014,wood,250330
2005,3,Iwate,1385,4606014,mine,15032463
2005,3,Iwate,1385,4606014,machine,2676323
2005,3,Iwate,1385,4606014,chemical,11650651
2005,3,Iwate,1385,4606014,Smachine,1863723
2005,3,Iwate,1385,4606014,miscind,779963
2005,3,Iwate,1385,4606014,special,775177
2005,3,Iwate,1385,4606014,total,34472838
2005,4,Miyagi,2360,8469524,agriculture,4023064
2005,4,Miyagi,2360,8469524,wood,209816
2005,4,Miyagi,2360,8469524,mine,11515846
2005,4,Miyagi,2360,8469524,machine,9524238
2005,4,Miyagi,2360,8469524,chemical,23704767
2005,4,Miyagi,2360,8469524,Smachine,7235740
2005,4,Miyagi,2360,8469524,miscind,1678545
2005,4,Miyagi,2360,8469524,special,3428091
2005,4,Miyagi,2360,8469524,total,61320107
2005,5,Akita,1146,3757770,agriculture,1056302
2005,5,Akita,1146,3757770,wood,455358
2005,5,Akita,1146,3757770,mine,6171848
2005,5,Akita,1146,3757770,machine,1269405
2005,5,Akita,1146,3757770,chemical,7570125
2005,5,Akita,1146,3757770,Smachine,2208672
2005,5,Akita,1146,3757770,miscind,983573
2005,5,Akita,1146,3757770,special,583025
2005,5,Akita,1146,3757770,total,20298308
2005,6,Yamagata,1216,3961783,agriculture,987938
2005,6,Yamagata,1216,3961783,wood,58454
2005,6,Yamagata,1216,3961783,mine,6151334
2005,6,Yamagata,1216,3961783,machine,2591859
2005,6,Yamagata,1216,3961783,chemical,6086380
2005,6,Yamagata,1216,3961783,Smachine,1850100
2005,6,Yamagata,1216,3961783,miscind,1261285
2005,6,Yamagata,1216,3961783,special,483975
2005,6,Yamagata,1216,3961783,total,19471325
2005,7,Fukushima,2091,7836897,agriculture,1368694
2005,7,Fukushima,2091,7836897,wood,845921
2005,7,Fukushima,2091,7836897,mine,18513286
2005,7,Fukushima,2091,7836897,machine,6438484
2005,7,Fukushima,2091,7836897,chemical,13233620
2005,7,Fukushima,2091,7836897,Smachine,4366204
2005,7,Fukushima,2091,7836897,miscind,1543807
2005,7,Fukushima,2091,7836897,special,1718215
2005,7,Fukushima,2091,7836897,total,48028231
2005,8,Ibaraki,2975,11196075,agriculture,6796471
2005,8,Ibaraki,2975,11196075,wood,3320043
2005,8,Ibaraki,2975,11196075,mine,24752027
2005,8,Ibaraki,2975,11196075,machine,17414756
2005,8,Ibaraki,2975,11196075,chemical,50391207
2005,8,Ibaraki,2975,11196075,Smachine,6169363
2005,8,Ibaraki,2975,11196075,miscind,1848345
2005,8,Ibaraki,2975,11196075,special,6405462
2005,8,Ibaraki,2975,11196075,total,117097674
2005,9,Tochigi,2017,8132502,agriculture,1273930
2005,9,Tochigi,2017,8132502,wood,345120
2005,9,Tochigi,2017,8132502,mine,33442217
2005,9,Tochigi,2017,8132502,machine,11744531
2005,9,Tochigi,2017,8132502,chemical,11059081
2005,9,Tochigi,2017,8132502,Smachine,3674722
2005,9,Tochigi,2017,8132502,miscind,2062731
2005,9,Tochigi,2017,8132502,special,2352392
2005,9,Tochigi,2017,8132502,total,65954724
2005,10,Gunma,2024,7668403,agriculture,1451010
2005,10,Gunma,2024,7668403,wood,386701
2005,10,Gunma,2024,7668403,mine,9978274
2005,10,Gunma,2024,7668403,machine,12115359
2005,10,Gunma,2024,7668403,chemical,13814029
2005,10,Gunma,2024,7668403,Smachine,6353893
2005,10,Gunma,2024,7668403,miscind,4241496
2005,10,Gunma,2024,7668403,special,1303146
2005,10,Gunma,2024,7668403,total,49643908
2005,11,Saitama,7054,20526591,agriculture,3092938
2005,11,Saitama,7054,20526591,wood,765514
2005,11,Saitama,7054,20526591,mine,13606258
2005,11,Saitama,7054,20526591,machine,20250630
2005,11,Saitama,7054,20526591,chemical,39744539
2005,11,Saitama,7054,20526591,Smachine,11165116
2005,11,Saitama,7054,20526591,miscind,7583705
2005,11,Saitama,7054,20526591,special,4513538
2005,11,Saitama,7054,20526591,total,100722238
2005,12,Chiba,6056,19670654,agriculture,5067101
2005,12,Chiba,6056,19670654,wood,588135
2005,12,Chiba,6056,19670654,mine,26921440
2005,12,Chiba,6056,19670654,machine,30267616
2005,12,Chiba,6056,19670654,chemical,103490580
2005,12,Chiba,6056,19670654,Smachine,7473563
2005,12,Chiba,6056,19670654,miscind,5827457
2005,12,Chiba,6056,19670654,special,4069213
2005,12,Chiba,6056,19670654,total,183705105
2005,13,Tokyo,12577,97962759,agriculture,20352247
2005,13,Tokyo,12577,97962759,wood,1637437
2005,13,Tokyo,12577,97962759,mine,5824995
2005,13,Tokyo,12577,97962759,machine,17412503
2005,13,Tokyo,12577,97962759,chemical,40610236
2005,13,Tokyo,12577,97962759,Smachine,19501198
2005,13,Tokyo,12577,97962759,miscind,16068128
2005,13,Tokyo,12577,97962759,special,12742957
2005,13,Tokyo,12577,97962759,total,134149701
2005,14,Kanagawa,8792,30874470,agriculture,7152592
2005,14,Kanagawa,8792,30874470,wood,3283152
2005,14,Kanagawa,8792,30874470,mine,5537387
2005,14,Kanagawa,8792,30874470,machine,30474561
2005,14,Kanagawa,8792,30874470,chemical,93270209
2005,14,Kanagawa,8792,30874470,Smachine,15692090
2005,14,Kanagawa,8792,30874470,miscind,4869487
2005,14,Kanagawa,8792,30874470,special,8837204
2005,14,Kanagawa,8792,30874470,total,169116682
2005,15,Niigata,2431,9267701,agriculture,2639326
2005,15,Niigata,2431,9267701,wood,881060
2005,15,Niigata,2431,9267701,mine,20256488
2005,15,Niigata,2431,9267701,machine,6841069
2005,15,Niigata,2431,9267701,chemical,27468047
2005,15,Niigata,2431,9267701,Smachine,4688989
2005,15,Niigata,2431,9267701,miscind,1243363
2005,15,Niigata,2431,9267701,special,3153197
2005,15,Niigata,2431,9267701,total,67171539
2005,16,Toyama,1112,4863530,agriculture,807664
2005,16,Toyama,1112,4863530,wood,636651
2005,16,Toyama,1112,4863530,mine,10523498
2005,16,Toyama,1112,4863530,machine,4689609
2005,16,Toyama,1112,4863530,chemical,12955880
2005,16,Toyama,1112,4863530,Smachine,2262764
2005,16,Toyama,1112,4863530,miscind,995262
2005,16,Toyama,1112,4863530,special,1413502
2005,16,Toyama,1112,4863530,total,34284830
2005,17,Ishikawa,1174,4762465,agriculture,813787
2005,17,Ishikawa,1174,4762465,wood,1037058
2005,17,Ishikawa,1174,4762465,mine,8860330
2005,17,Ishikawa,1174,4762465,machine,2425272
2005,17,Ishikawa,1174,4762465,chemical,7200092
2005,17,Ishikawa,1174,4762465,Smachine,2726779
2005,17,Ishikawa,1174,4762465,miscind,1130650
2005,17,Ishikawa,1174,4762465,special,624141
2005,17,Ishikawa,1174,4762465,total,24818109
2005,18,Fukui,822,3351506,agriculture,504015
2005,18,Fukui,822,3351506,wood,232170
2005,18,Fukui,822,3351506,mine,4774284
2005,18,Fukui,822,3351506,machine,1645198
2005,18,Fukui,822,3351506,chemical,7866560
2005,18,Fukui,822,3351506,Smachine,1507434
2005,18,Fukui,822,3351506,miscind,1424478
2005,18,Fukui,822,3351506,special,419817
2005,18,Fukui,822,3351506,total,18373956
2005,19,Yamanashi,885,3186249,agriculture,495621
2005,19,Yamanashi,885,3186249,wood,424805
2005,19,Yamanashi,885,3186249,mine,5886034
2005,19,Yamanashi,885,3186249,machine,1289636
2005,19,Yamanashi,885,3186249,chemical,6930118
2005,19,Yamanashi,885,3186249,Smachine,1306353
2005,19,Yamanashi,885,3186249,miscind,748664
2005,19,Yamanashi,885,3186249,special,611408
2005,19,Yamanashi,885,3186249,total,17692639
2005,20,Nagano,2196,8388888,agriculture,2394562
2005,20,Nagano,2196,8388888,wood,2813142
2005,20,Nagano,2196,8388888,mine,22147847
2005,20,Nagano,2196,8388888,machine,5261628
2005,20,Nagano,2196,8388888,chemical,12661075
2005,20,Nagano,2196,8388888,Smachine,4869077
2005,20,Nagano,2196,8388888,miscind,1219818
2005,20,Nagano,2196,8388888,special,1260365
2005,20,Nagano,2196,8388888,total,52627514
2005,21,Gifu,2107,7512098,agriculture,971455
2005,21,Gifu,2107,7512098,wood,2533377
2005,21,Gifu,2107,7512098,mine,26505263
2005,21,Gifu,2107,7512098,machine,6107595
2005,21,Gifu,2107,7512098,chemical,18320330
2005,21,Gifu,2107,7512098,Smachine,3885745
2005,21,Gifu,2107,7512098,miscind,1739158
2005,21,Gifu,2107,7512098,special,4625473
2005,21,Gifu,2107,7512098,total,64688396
2005,22,Shizuoka,3792,16699714,agriculture,5464856
2005,22,Shizuoka,3792,16699714,wood,1778026
2005,22,Shizuoka,3792,16699714,mine,11722730
2005,22,Shizuoka,3792,16699714,machine,20602285
2005,22,Shizuoka,3792,16699714,chemical,28670135
2005,22,Shizuoka,3792,16699714,Smachine,17681449
2005,22,Shizuoka,3792,16699714,miscind,4832672
2005,22,Shizuoka,3792,16699714,special,6965103
2005,22,Shizuoka,3792,16699714,total,97717256
2005,23,Aichi,7255,34779076,agriculture,11210918
2005,23,Aichi,7255,34779076,wood,2686331
2005,23,Aichi,7255,34779076,mine,14542659
2005,23,Aichi,7255,34779076,machine,75127120
2005,23,Aichi,7255,34779076,chemical,83133875
2005,23,Aichi,7255,34779076,Smachine,16824537
2005,23,Aichi,7255,34779076,miscind,9257267
2005,23,Aichi,7255,34779076,special,15897408
2005,23,Aichi,7255,34779076,total,228680115
2005,24,Mie,1867,7505210,agriculture,2986657
2005,24,Mie,1867,7505210,wood,1652149
2005,24,Mie,1867,7505210,mine,21468282
2005,24,Mie,1867,7505210,machine,7484651
2005,24,Mie,1867,7505210,chemical,44703438
2005,24,Mie,1867,7505210,Smachine,2062741
2005,24,Mie,1867,7505210,miscind,1322719
2005,24,Mie,1867,7505210,special,1050333
2005,24,Mie,1867,7505210,total,82730970
2005,25,Shiga,1380,6017771,agriculture,187290
2005,25,Shiga,1380,6017771,wood,1477153
2005,25,Shiga,1380,6017771,mine,4569855
2005,25,Shiga,1380,6017771,machine,6999234
2005,25,Shiga,1380,6017771,chemical,15987644
2005,25,Shiga,1380,6017771,Smachine,3203115
2005,25,Shiga,1380,6017771,miscind,1074363
2005,25,Shiga,1380,6017771,special,712720
2005,25,Shiga,1380,6017771,total,34211374
2005,26,Kyoto,2648,10053804,agriculture,1463814
2005,26,Kyoto,2648,10053804,wood,474877
2005,26,Kyoto,2648,10053804,mine,9033808
2005,26,Kyoto,2648,10053804,machine,4794778
2005,26,Kyoto,2648,10053804,chemical,10073660
2005,26,Kyoto,2648,10053804,Smachine,5476176
2005,26,Kyoto,2648,10053804,miscind,1380441
2005,26,Kyoto,2648,10053804,special,1816572
2005,26,Kyoto,2648,10053804,total,34514126
2005,27,Osaka,8817,39192627,agriculture,7716236
2005,27,Osaka,8817,39192627,wood,1407157
2005,27,Osaka,8817,39192627,mine,13720900
2005,27,Osaka,8817,39192627,machine,35500414
2005,27,Osaka,8817,39192627,chemical,62495344
2005,27,Osaka,8817,39192627,Smachine,19222880
2005,27,Osaka,8817,39192627,miscind,9703129
2005,27,Osaka,8817,39192627,special,18104722
2005,27,Osaka,8817,39192627,total,167870782
2005,28,Hyougo,5591,19608229,agriculture,9408823
2005,28,Hyougo,5591,19608229,wood,2751596
2005,28,Hyougo,5591,19608229,mine,17962642
2005,28,Hyougo,5591,19608229,machine,30360026
2005,28,Hyougo,5591,19608229,chemical,34439544
2005,28,Hyougo,5591,19608229,Smachine,13081291
2005,28,Hyougo,5591,19608229,miscind,4298150
2005,28,Hyougo,5591,19608229,special,4772114
2005,28,Hyougo,5591,19608229,total,117074186
2005,29,Nara,1421,3867749,agriculture,382487
2005,29,Nara,1421,3867749,wood,411797
2005,29,Nara,1421,3867749,mine,2703775
2005,29,Nara,1421,3867749,machine,3086412
2005,29,Nara,1421,3867749,chemical,2533560
2005,29,Nara,1421,3867749,Smachine,1288925
2005,29,Nara,1421,3867749,miscind,2846745
2005,29,Nara,1421,3867749,special,314619
2005,29,Nara,1421,3867749,total,13568320
2005,30,Wakayama,1036,3571864,agriculture,444266
2005,30,Wakayama,1036,3571864,wood,320657
2005,30,Wakayama,1036,3571864,mine,2401122
2005,30,Wakayama,1036,3571864,machine,9550479
2005,30,Wakayama,1036,3571864,chemical,14724852
2005,30,Wakayama,1036,3571864,Smachine,1730953
2005,30,Wakayama,1036,3571864,miscind,406864
2005,30,Wakayama,1036,3571864,special,876175
2005,30,Wakayama,1036,3571864,total,30455368
2005,31,Tottori,607,2121785,agriculture,955758
2005,31,Tottori,607,2121785,wood,177203
2005,31,Tottori,607,2121785,mine,3679213
2005,31,Tottori,607,2121785,machine,829263
2005,31,Tottori,607,2121785,chemical,3858393
2005,31,Tottori,607,2121785,Smachine,1550349
2005,31,Tottori,607,2121785,miscind,204283
2005,31,Tottori,607,2121785,special,319073
2005,31,Tottori,607,2121785,total,11573535
2005,32,Shimane,742,2538156,agriculture,219503
2005,32,Shimane,742,2538156,wood,63098
2005,32,Shimane,742,2538156,mine,8910169
2005,32,Shimane,742,2538156,machine,1074986
2005,32,Shimane,742,2538156,chemical,5963687
2005,32,Shimane,742,2538156,Smachine,726916
2005,32,Shimane,742,2538156,miscind,692340
2005,32,Shimane,742,2538156,special,187570
2005,32,Shimane,742,2538156,total,17838269
2005,33,Okayama,1957,7453806,agriculture,2039656
2005,33,Okayama,1957,7453806,wood,741651
2005,33,Okayama,1957,7453806,mine,22822451
2005,33,Okayama,1957,7453806,machine,20768002
2005,33,Okayama,1957,7453806,chemical,45436200
2005,33,Okayama,1957,7453806,Smachine,4584134
2005,33,Okayama,1957,7453806,miscind,1408228
2005,33,Okayama,1957,7453806,special,5109613
2005,33,Okayama,1957,7453806,total,102909935
2005,34,Hiroshima,2877,11033328,agriculture,3421521
2005,34,Hiroshima,2877,11033328,wood,3897538
2005,34,Hiroshima,2877,11033328,mine,12386261
2005,34,Hiroshima,2877,11033328,machine,24592338
2005,34,Hiroshima,2877,11033328,chemical,17633639
2005,34,Hiroshima,2877,11033328,Smachine,5100428
2005,34,Hiroshima,2877,11033328,miscind,7211377
2005,34,Hiroshima,2877,11033328,special,7663358
2005,34,Hiroshima,2877,11033328,total,81906460
2005,35,Yamaguchi,1493,5886707,agriculture,1154014
2005,35,Yamaguchi,1493,5886707,wood,1540169
2005,35,Yamaguchi,1493,5886707,mine,14902722
2005,35,Yamaguchi,1493,5886707,machine,10951000
2005,35,Yamaguchi,1493,5886707,chemical,53144819
2005,35,Yamaguchi,1493,5886707,Smachine,2600729
2005,35,Yamaguchi,1493,5886707,miscind,1636059
2005,35,Yamaguchi,1493,5886707,special,2489693
2005,35,Yamaguchi,1493,5886707,total,88419205
2005,36,Tokushima,810,2993418,agriculture,536080
2005,36,Tokushima,810,2993418,wood,946281
2005,36,Tokushima,810,2993418,mine,4176296
2005,36,Tokushima,810,2993418,machine,1016254
2005,36,Tokushima,810,2993418,chemical,5959757
2005,36,Tokushima,810,2993418,Smachine,3058680
2005,36,Tokushima,810,2993418,miscind,594446
2005,36,Tokushima,810,2993418,special,584405
2005,36,Tokushima,810,2993418,total,16872199
2005,37,Kagawa,1012,3780159,agriculture,1185583
2005,37,Kagawa,1012,3780159,wood,276490
2005,37,Kagawa,1012,3780159,mine,11268541
2005,37,Kagawa,1012,3780159,machine,6654273
2005,37,Kagawa,1012,3780159,chemical,16038417
2005,37,Kagawa,1012,3780159,Smachine,2439412
2005,37,Kagawa,1012,3780159,miscind,1083217
2005,37,Kagawa,1012,3780159,special,1664440
2005,37,Kagawa,1012,3780159,total,40610373
2005,38,Ehime,1468,5141381,agriculture,1444947
2005,38,Ehime,1468,5141381,wood,464644
2005,38,Ehime,1468,5141381,mine,11241512
2005,38,Ehime,1468,5141381,machine,3946138
2005,38,Ehime,1468,5141381,chemical,19130318
2005,38,Ehime,1468,5141381,Smachine,7117419
2005,38,Ehime,1468,5141381,miscind,686216
2005,38,Ehime,1468,5141381,special,1804927
2005,38,Ehime,1468,5141381,total,45836121
2005,39,Kouchi,796,2475785,agriculture,374702
2005,39,Kouchi,796,2475785,wood,438364
2005,39,Kouchi,796,2475785,mine,16431062
2005,39,Kouchi,796,2475785,machine,760012
2005,39,Kouchi,796,2475785,chemical,8414544
2005,39,Kouchi,796,2475785,Smachine,1045435
2005,39,Kouchi,796,2475785,miscind,98469
2005,39,Kouchi,796,2475785,special,221714
2005,39,Kouchi,796,2475785,total,27784302
2005,40,Fukuoka,5050,17850042,agriculture,6804456
2005,40,Fukuoka,5050,17850042,wood,4530913
2005,40,Fukuoka,5050,17850042,mine,27028307
2005,40,Fukuoka,5050,17850042,machine,21842493
2005,40,Fukuoka,5050,17850042,chemical,52753003
2005,40,Fukuoka,5050,17850042,Smachine,9588114
2005,40,Fukuoka,5050,17850042,miscind,4441917
2005,40,Fukuoka,5050,17850042,special,4461278
2005,40,Fukuoka,5050,17850042,total,131450481
2005,41,Saga,866,2865032,agriculture,1538850
2005,41,Saga,866,2865032,wood,202508
2005,41,Saga,866,2865032,mine,4455550
2005,41,Saga,866,2865032,machine,2425895
2005,41,Saga,866,2865032,chemical,4364481
2005,41,Saga,866,2865032,Smachine,3348776
2005,41,Saga,866,2865032,miscind,1047168
2005,41,Saga,866,2865032,special,714714
2005,41,Saga,866,2865032,total,18097942
2005,42,Nagasaki,1479,4418987,agriculture,1617227
2005,42,Nagasaki,1479,4418987,wood,618925
2005,42,Nagasaki,1479,4418987,mine,8216094
2005,42,Nagasaki,1479,4418987,machine,2279185
2005,42,Nagasaki,1479,4418987,chemical,6618441
2005,42,Nagasaki,1479,4418987,Smachine,1031408
2005,42,Nagasaki,1479,4418987,miscind,1054256
2005,42,Nagasaki,1479,4418987,special,1288203
2005,42,Nagasaki,1479,4418987,total,22723739
2005,43,Kumamoto,1842,5659180,agriculture,2557398
2005,43,Kumamoto,1842,5659180,wood,396060
2005,43,Kumamoto,1842,5659180,mine,14133915
2005,43,Kumamoto,1842,5659180,machine,3389241
2005,43,Kumamoto,1842,5659180,chemical,9934516
2005,43,Kumamoto,1842,5659180,Smachine,2239577
2005,43,Kumamoto,1842,5659180,miscind,630971
2005,43,Kumamoto,1842,5659180,special,1787895
2005,43,Kumamoto,1842,5659180,total,35069573
2005,44,Ooita,1210,4553708,agriculture,490343
2005,44,Ooita,1210,4553708,wood,554165
2005,44,Ooita,1210,4553708,mine,21981729
2005,44,Ooita,1210,4553708,machine,10544410
2005,44,Ooita,1210,4553708,chemical,24014270
2005,44,Ooita,1210,4553708,Smachine,1666062
2005,44,Ooita,1210,4553708,miscind,258612
2005,44,Ooita,1210,4553708,special,5584279
2005,44,Ooita,1210,4553708,total,65093870
2005,45,Miyazaki,1153,3588399,agriculture,2029322
2005,45,Miyazaki,1153,3588399,wood,1938584
2005,45,Miyazaki,1153,3588399,mine,4734495
2005,45,Miyazaki,1153,3588399,machine,918947
2005,45,Miyazaki,1153,3588399,chemical,6504323
2005,45,Miyazaki,1153,3588399,Smachine,1887554
2005,45,Miyazaki,1153,3588399,miscind,147379
2005,45,Miyazaki,1153,3588399,special,971987
2005,45,Miyazaki,1153,3588399,total,19132591
2005,46,Kagoshima,1753,5630408,agriculture,6114439
2005,46,Kagoshima,1753,5630408,wood,395314
2005,46,Kagoshima,1753,5630408,mine,6733904
2005,46,Kagoshima,1753,5630408,machine,1325811
2005,46,Kagoshima,1753,5630408,chemical,12741350
2005,46,Kagoshima,1753,5630408,Smachine,2234494
2005,46,Kagoshima,1753,5630408,miscind,448536
2005,46,Kagoshima,1753,5630408,special,7207374
2005,46,Kagoshima,1753,5630408,total,37201222
2005,47,Okinawa,1362,3662933,agriculture,519883
2005,47,Okinawa,1362,3662933,wood,1270234
2005,47,Okinawa,1362,3662933,mine,7284727
2005,47,Okinawa,1362,3662933,machine,830401
2005,47,Okinawa,1362,3662933,chemical,12491599
2005,47,Okinawa,1362,3662933,Smachine,2225082
2005,47,Okinawa,1362,3662933,miscind,174710
2005,47,Okinawa,1362,3662933,special,731245
2005,47,Okinawa,1362,3662933,total,25527881
2010,1,Hokkaido,5506,18137697,agriculture,13801375
2010,1,Hokkaido,5506,18137697,wood,1414808
2010,1,Hokkaido,5506,18137697,mine,30747801
2010,1,Hokkaido,5506,18137697,machine,7782702
2010,1,Hokkaido,5506,18137697,chemical,43040477
2010,1,Hokkaido,5506,18137697,Smachine,12403437
2010,1,Hokkaido,5506,18137697,miscind,2761384
2010,1,Hokkaido,5506,18137697,special,5243486
2010,1,Hokkaido,5506,18137697,total,117195470
2010,2,Aomori,1373,4401360,agriculture,3513842
2010,2,Aomori,1373,4401360,wood,303989
2010,2,Aomori,1373,4401360,mine,9526682
2010,2,Aomori,1373,4401360,machine,1895676
2010,2,Aomori,1373,4401360,chemical,7380296
2010,2,Aomori,1373,4401360,Smachine,1858590
2010,2,Aomori,1373,4401360,miscind,441413
2010,2,Aomori,1373,4401360,special,4405818
2010,2,Aomori,1373,4401360,total,29326306
2010,3,Iwate,1330,4121508,agriculture,1670489
2010,3,Iwate,1330,4121508,wood,524486
2010,3,Iwate,1330,4121508,mine,10069005
2010,3,Iwate,1330,4121508,machine,3002899
2010,3,Iwate,1330,4121508,chemical,7013563
2010,3,Iwate,1330,4121508,Smachine,1847559
2010,3,Iwate,1330,4121508,miscind,1390020
2010,3,Iwate,1330,4121508,special,888663
2010,3,Iwate,1330,4121508,total,26406684
2010,4,Miyagi,2348,7741402,agriculture,3929005
2010,4,Miyagi,2348,7741402,wood,624406
2010,4,Miyagi,2348,7741402,mine,10107782
2010,4,Miyagi,2348,7741402,machine,8095684
2010,4,Miyagi,2348,7741402,chemical,16439073
2010,4,Miyagi,2348,7741402,Smachine,7027497
2010,4,Miyagi,2348,7741402,miscind,1922468
2010,4,Miyagi,2348,7741402,special,3374442
2010,4,Miyagi,2348,7741402,total,51520357
2010,5,Akita,1086,3413112,agriculture,792405
2010,5,Akita,1086,3413112,wood,475024
2010,5,Akita,1086,3413112,mine,6946829
2010,5,Akita,1086,3413112,machine,1468726
2010,5,Akita,1086,3413112,chemical,3643419
2010,5,Akita,1086,3413112,Smachine,1289219
2010,5,Akita,1086,3413112,miscind,572390
2010,5,Akita,1086,3413112,special,428482
2010,5,Akita,1086,3413112,total,15616494
2010,6,Yamagata,1169,3512878,agriculture,1009766
2010,6,Yamagata,1169,3512878,wood,163491
2010,6,Yamagata,1169,3512878,mine,4815448
2010,6,Yamagata,1169,3512878,machine,2800469
2010,6,Yamagata,1169,3512878,chemical,3304312
2010,6,Yamagata,1169,3512878,Smachine,1409265
2010,6,Yamagata,1169,3512878,miscind,444987
2010,6,Yamagata,1169,3512878,special,686479
2010,6,Yamagata,1169,3512878,total,14634217
2010,7,Fukushima,2029,7024376,agriculture,1417457
2010,7,Fukushima,2029,7024376,wood,465272
2010,7,Fukushima,2029,7024376,mine,10893730
2010,7,Fukushima,2029,7024376,machine,6088483
2010,7,Fukushima,2029,7024376,chemical,10976967
2010,7,Fukushima,2029,7024376,Smachine,3268359
2010,7,Fukushima,2029,7024376,miscind,1524637
2010,7,Fukushima,2029,7024376,special,1857028
2010,7,Fukushima,2029,7024376,total,36491933
2010,8,Ibaraki,2970,10809225,agriculture,7606091
2010,8,Ibaraki,2970,10809225,wood,980019
2010,8,Ibaraki,2970,10809225,mine,18989773
2010,8,Ibaraki,2970,10809225,machine,16628144
2010,8,Ibaraki,2970,10809225,chemical,46774449
2010,8,Ibaraki,2970,10809225,Smachine,5978972
2010,8,Ibaraki,2970,10809225,miscind,2900644
2010,8,Ibaraki,2970,10809225,special,5762385
2010,8,Ibaraki,2970,10809225,total,105620477
2010,9,Tochigi,2008,7732670,agriculture,1159521
2010,9,Tochigi,2008,7732670,wood,163173
2010,9,Tochigi,2008,7732670,mine,22283433
2010,9,Tochigi,2008,7732670,machine,9352599
2010,9,Tochigi,2008,7732670,chemical,13647129
2010,9,Tochigi,2008,7732670,Smachine,4232654
2010,9,Tochigi,2008,7732670,miscind,1748863
2010,9,Tochigi,2008,7732670,special,2022976
2010,9,Tochigi,2008,7732670,total,54610348
2010,10,Gunma,2008,7308659,agriculture,2264895
2010,10,Gunma,2008,7308659,wood,388322
2010,10,Gunma,2008,7308659,mine,8238415
2010,10,Gunma,2008,7308659,machine,11570972
2010,10,Gunma,2008,7308659,chemical,10988678
2010,10,Gunma,2008,7308659,Smachine,5688116
2010,10,Gunma,2008,7308659,miscind,1961577
2010,10,Gunma,2008,7308659,special,2058252
2010,10,Gunma,2008,7308659,total,43159227
2010,11,Saitama,7195,19728869,agriculture,4597907
2010,11,Saitama,7195,19728869,wood,563128
2010,11,Saitama,7195,19728869,mine,15565063
2010,11,Saitama,7195,19728869,machine,14351384
2010,11,Saitama,7195,19728869,chemical,27285516
2010,11,Saitama,7195,19728869,Smachine,12952772
2010,11,Saitama,7195,19728869,miscind,5902392
2010,11,Saitama,7195,19728869,special,5940752
2010,11,Saitama,7195,19728869,total,87158914
2010,12,Chiba,6216,19265129,agriculture,4678672
2010,12,Chiba,6216,19265129,wood,5493932
2010,12,Chiba,6216,19265129,mine,7093829
2010,12,Chiba,6216,19265129,machine,29335934
2010,12,Chiba,6216,19265129,chemical,107198376
2010,12,Chiba,6216,19265129,Smachine,11126019
2010,12,Chiba,6216,19265129,miscind,3460207
2010,12,Chiba,6216,19265129,special,9604454
2010,12,Chiba,6216,19265129,total,177991423
2010,13,Tokyo,13159,92059902,agriculture,15395032
2010,13,Tokyo,13159,92059902,wood,3967103
2010,13,Tokyo,13159,92059902,mine,5411539
2010,13,Tokyo,13159,92059902,machine,17739019
2010,13,Tokyo,13159,92059902,chemical,21649526
2010,13,Tokyo,13159,92059902,Smachine,19937943
2010,13,Tokyo,13159,92059902,miscind,9644418
2010,13,Tokyo,13159,92059902,special,14112751
2010,13,Tokyo,13159,92059902,total,107857331
2010,14,Kanagawa,9048,29848958,agriculture,7848283
2010,14,Kanagawa,9048,29848958,wood,418686
2010,14,Kanagawa,9048,29848958,mine,9704765
2010,14,Kanagawa,9048,29848958,machine,17932736
2010,14,Kanagawa,9048,29848958,chemical,84553014
2010,14,Kanagawa,9048,29848958,Smachine,11250578
2010,14,Kanagawa,9048,29848958,miscind,4662346
2010,14,Kanagawa,9048,29848958,special,9039527
2010,14,Kanagawa,9048,29848958,total,145409935
2010,15,Niigata,2374,8460554,agriculture,1753311
2010,15,Niigata,2374,8460554,wood,750415
2010,15,Niigata,2374,8460554,mine,10719576
2010,15,Niigata,2374,8460554,machine,4156924
2010,15,Niigata,2374,8460554,chemical,20494497
2010,15,Niigata,2374,8460554,Smachine,6193616
2010,15,Niigata,2374,8460554,miscind,1181964
2010,15,Niigata,2374,8460554,special,8366947
2010,15,Niigata,2374,8460554,total,53617250
2010,16,Toyama,1093,4161138,agriculture,719931
2010,16,Toyama,1093,4161138,wood,286778
2010,16,Toyama,1093,4161138,mine,8750808
2010,16,Toyama,1093,4161138,machine,5748748
2010,16,Toyama,1093,4161138,chemical,7614989
2010,16,Toyama,1093,4161138,Smachine,1901794
2010,16,Toyama,1093,4161138,miscind,2170539
2010,16,Toyama,1093,4161138,special,1029134
2010,16,Toyama,1093,4161138,total,28222721
2010,17,Ishikawa,1170,4345594,agriculture,753115
2010,17,Ishikawa,1170,4345594,wood,198467
2010,17,Ishikawa,1170,4345594,mine,5399619
2010,17,Ishikawa,1170,4345594,machine,3636299
2010,17,Ishikawa,1170,4345594,chemical,4622343
2010,17,Ishikawa,1170,4345594,Smachine,2202094
2010,17,Ishikawa,1170,4345594,miscind,737410
2010,17,Ishikawa,1170,4345594,special,966504
2010,17,Ishikawa,1170,4345594,total,18515851
2010,18,Fukui,806,3291471,agriculture,549646
2010,18,Fukui,806,3291471,wood,141266
2010,18,Fukui,806,3291471,mine,4208140
2010,18,Fukui,806,3291471,machine,2142018
2010,18,Fukui,806,3291471,chemical,5506084
2010,18,Fukui,806,3291471,Smachine,1279479
2010,18,Fukui,806,3291471,miscind,1189768
2010,18,Fukui,806,3291471,special,220747
2010,18,Fukui,806,3291471,total,15237148
2010,19,Yamanashi,863,2970503,agriculture,414335
2010,19,Yamanashi,863,2970503,wood,46561
2010,19,Yamanashi,863,2970503,mine,4881622
2010,19,Yamanashi,863,2970503,machine,1382344
2010,19,Yamanashi,863,2970503,chemical,4479204
2010,19,Yamanashi,863,2970503,Smachine,2030526
2010,19,Yamanashi,863,2970503,miscind,340274
2010,19,Yamanashi,863,2970503,special,461928
2010,19,Yamanashi,863,2970503,total,14036794
2010,20,Nagano,2152,7573478,agriculture,2394202
2010,20,Nagano,2152,7573478,wood,155793
2010,20,Nagano,2152,7573478,mine,14927635
2010,20,Nagano,2152,7573478,machine,4420375
2010,20,Nagano,2152,7573478,chemical,7872584
2010,20,Nagano,2152,7573478,Smachine,3948301
2010,20,Nagano,2152,7573478,miscind,3968302
2010,20,Nagano,2152,7573478,special,1729384
2010,20,Nagano,2152,7573478,total,39416576
2010,21,Gifu,2081,7036710,agriculture,781503
2010,21,Gifu,2081,7036710,wood,782469
2010,21,Gifu,2081,7036710,mine,19837987
2010,21,Gifu,2081,7036710,machine,5893512
2010,21,Gifu,2081,7036710,chemical,17282161
2010,21,Gifu,2081,7036710,Smachine,2845897
2010,21,Gifu,2081,7036710,miscind,1676265
2010,21,Gifu,2081,7036710,special,1861080
2010,21,Gifu,2081,7036710,total,50960874
2010,22,Shizuoka,3765,15011610,agriculture,5505694
2010,22,Shizuoka,3765,15011610,wood,865049
2010,22,Shizuoka,3765,15011610,mine,11614796
2010,22,Shizuoka,3765,15011610,machine,21092425
2010,22,Shizuoka,3765,15011610,chemical,21392972
2010,22,Shizuoka,3765,15011610,Smachine,17133113
2010,22,Shizuoka,3765,15011610,miscind,3430136
2010,22,Shizuoka,3765,15011610,special,2748904
2010,22,Shizuoka,3765,15011610,total,83783089
2010,23,Aichi,7411,32443656,agriculture,8015080
2010,23,Aichi,7411,32443656,wood,837094
2010,23,Aichi,7411,32443656,mine,12039037
2010,23,Aichi,7411,32443656,machine,77377356
2010,23,Aichi,7411,32443656,chemical,57489151
2010,23,Aichi,7411,32443656,Smachine,18053147
2010,23,Aichi,7411,32443656,miscind,10360528
2010,23,Aichi,7411,32443656,special,19360509
2010,23,Aichi,7411,32443656,total,203531902
2010,24,Mie,1855,7207157,agriculture,1297599
2010,24,Mie,1855,7207157,wood,556706
2010,24,Mie,1855,7207157,mine,19545403
2010,24,Mie,1855,7207157,machine,6733359
2010,24,Mie,1855,7207157,chemical,39511774
2010,24,Mie,1855,7207157,Smachine,3463487
2010,24,Mie,1855,7207157,miscind,1211523
2010,24,Mie,1855,7207157,special,1360567
2010,24,Mie,1855,7207157,total,73680418
2010,25,Shiga,1411,5825494,agriculture,359748
2010,25,Shiga,1411,5825494,wood,1446609
2010,25,Shiga,1411,5825494,mine,3877415
2010,25,Shiga,1411,5825494,machine,6771605
2010,25,Shiga,1411,5825494,chemical,11913102
2010,25,Shiga,1411,5825494,Smachine,3060875
2010,25,Shiga,1411,5825494,miscind,1506650
2010,25,Shiga,1411,5825494,special,928671
2010,25,Shiga,1411,5825494,total,29864675
2010,26,Kyoto,2636,9650795,agriculture,1991881
2010,26,Kyoto,2636,9650795,wood,513548
2010,26,Kyoto,2636,9650795,mine,9324527
2010,26,Kyoto,2636,9650795,machine,2438021
2010,26,Kyoto,2636,9650795,chemical,7746804
2010,26,Kyoto,2636,9650795,Smachine,5790816
2010,26,Kyoto,2636,9650795,miscind,1738768
2010,26,Kyoto,2636,9650795,special,1144480
2010,26,Kyoto,2636,9650795,total,30688845
2010,27,Osaka,8865,36649230,agriculture,6885899
2010,27,Osaka,8865,36649230,wood,1051770
2010,27,Osaka,8865,36649230,mine,7417381
2010,27,Osaka,8865,36649230,machine,38946822
2010,27,Osaka,8865,36649230,chemical,50092546
2010,27,Osaka,8865,36649230,Smachine,13437084
2010,27,Osaka,8865,36649230,miscind,9097629
2010,27,Osaka,8865,36649230,special,14317785
2010,27,Osaka,8865,36649230,total,141246916
2010,28,Hyougo,5588,18394905,agriculture,6954822
2010,28,Hyougo,5588,18394905,wood,1723441
2010,28,Hyougo,5588,18394905,mine,17719380
2010,28,Hyougo,5588,18394905,machine,23674165
2010,28,Hyougo,5588,18394905,chemical,30572131
2010,28,Hyougo,5588,18394905,Smachine,11753946
2010,28,Hyougo,5588,18394905,miscind,2578163
2010,28,Hyougo,5588,18394905,special,6709790
2010,28,Hyougo,5588,18394905,total,101685838
2010,29,Nara,1401,3469586,agriculture,745791
2010,29,Nara,1401,3469586,wood,269781
2010,29,Nara,1401,3469586,mine,1832191
2010,29,Nara,1401,3469586,machine,1724593
2010,29,Nara,1401,3469586,chemical,3377001
2010,29,Nara,1401,3469586,Smachine,1010966
2010,29,Nara,1401,3469586,miscind,1177005
2010,29,Nara,1401,3469586,special,252607
2010,29,Nara,1401,3469586,total,10389935
2010,30,Wakayama,1002,3330256,agriculture,460902
2010,30,Wakayama,1002,3330256,wood,275437
2010,30,Wakayama,1002,3330256,mine,1267955
2010,30,Wakayama,1002,3330256,machine,6714685
2010,30,Wakayama,1002,3330256,chemical,14029748
2010,30,Wakayama,1002,3330256,Smachine,1384560
2010,30,Wakayama,1002,3330256,miscind,290003
2010,30,Wakayama,1002,3330256,special,533518
2010,30,Wakayama,1002,3330256,total,24956808
2010,31,Tottori,589,1837929,agriculture,501193
2010,31,Tottori,589,1837929,wood,179246
2010,31,Tottori,589,1837929,mine,2176921
2010,31,Tottori,589,1837929,machine,539280
2010,31,Tottori,589,1837929,chemical,2274018
2010,31,Tottori,589,1837929,Smachine,1318679
2010,31,Tottori,589,1837929,miscind,610170
2010,31,Tottori,589,1837929,special,432425
2010,31,Tottori,589,1837929,total,8031932
2010,32,Shimane,717,2326852,agriculture,270555
2010,32,Shimane,717,2326852,wood,124270
2010,32,Shimane,717,2326852,mine,6707801
2010,32,Shimane,717,2326852,machine,750280
2010,32,Shimane,717,2326852,chemical,3662258
2010,32,Shimane,717,2326852,Smachine,576308
2010,32,Shimane,717,2326852,miscind,467760
2010,32,Shimane,717,2326852,special,419685
2010,32,Shimane,717,2326852,total,12978917
2010,33,Okayama,1945,7144667,agriculture,3070444
2010,33,Okayama,1945,7144667,wood,810078
2010,33,Okayama,1945,7144667,mine,21342474
2010,33,Okayama,1945,7144667,machine,15452624
2010,33,Okayama,1945,7144667,chemical,32868353
2010,33,Okayama,1945,7144667,Smachine,4279338
2010,33,Okayama,1945,7144667,miscind,2501132
2010,33,Okayama,1945,7144667,special,6439564
2010,33,Okayama,1945,7144667,total,86764007
2010,34,Hiroshima,2861,10555529,agriculture,2659499
2010,34,Hiroshima,2861,10555529,wood,1156229
2010,34,Hiroshima,2861,10555529,mine,8649930
2010,34,Hiroshima,2861,10555529,machine,27827587
2010,34,Hiroshima,2861,10555529,chemical,13643568
2010,34,Hiroshima,2861,10555529,Smachine,6272266
2010,34,Hiroshima,2861,10555529,miscind,2229108
2010,34,Hiroshima,2861,10555529,special,2603373
2010,34,Hiroshima,2861,10555529,total,65041560
2010,35,Yamaguchi,1451,5544566,agriculture,1380233
2010,35,Yamaguchi,1451,5544566,wood,550292
2010,35,Yamaguchi,1451,5544566,mine,21145692
2010,35,Yamaguchi,1451,5544566,machine,9876941
2010,35,Yamaguchi,1451,5544566,chemical,37255595
2010,35,Yamaguchi,1451,5544566,Smachine,1855103
2010,35,Yamaguchi,1451,5544566,miscind,991998
2010,35,Yamaguchi,1451,5544566,special,2984555
2010,35,Yamaguchi,1451,5544566,total,76040409
2010,36,Tokushima,785,2748416,agriculture,721101
2010,36,Tokushima,785,2748416,wood,52361
2010,36,Tokushima,785,2748416,mine,2651504
2010,36,Tokushima,785,2748416,machine,834368
2010,36,Tokushima,785,2748416,chemical,4312864
2010,36,Tokushima,785,2748416,Smachine,2056335
2010,36,Tokushima,785,2748416,miscind,1373104
2010,36,Tokushima,785,2748416,special,620907
2010,36,Tokushima,785,2748416,total,12622544
2010,37,Kagawa,996,3680639,agriculture,1193401
2010,37,Kagawa,996,3680639,wood,251677
2010,37,Kagawa,996,3680639,mine,8325409
2010,37,Kagawa,996,3680639,machine,3455435
2010,37,Kagawa,996,3680639,chemical,16365749
2010,37,Kagawa,996,3680639,Smachine,2033182
2010,37,Kagawa,996,3680639,miscind,1093973
2010,37,Kagawa,996,3680639,special,2022711
2010,37,Kagawa,996,3680639,total,34741537
2010,38,Ehime,1431,4659125,agriculture,1120975
2010,38,Ehime,1431,4659125,wood,535572
2010,38,Ehime,1431,4659125,mine,7063685
2010,38,Ehime,1431,4659125,machine,4466367
2010,38,Ehime,1431,4659125,chemical,15895339
2010,38,Ehime,1431,4659125,Smachine,6469821
2010,38,Ehime,1431,4659125,miscind,1032965
2010,38,Ehime,1431,4659125,special,1871118
2010,38,Ehime,1431,4659125,total,38455842
2010,39,Kouchi,764,2214252,agriculture,702228
2010,39,Kouchi,764,2214252,wood,164171
2010,39,Kouchi,764,2214252,mine,15331336
2010,39,Kouchi,764,2214252,machine,733442
2010,39,Kouchi,764,2214252,chemical,7957844
2010,39,Kouchi,764,2214252,Smachine,797750
2010,39,Kouchi,764,2214252,miscind,170182
2010,39,Kouchi,764,2214252,special,182650
2010,39,Kouchi,764,2214252,total,26039603
2010,40,Fukuoka,5072,17491962,agriculture,7224795
2010,40,Fukuoka,5072,17491962,wood,626927
2010,40,Fukuoka,5072,17491962,mine,18864029
2010,40,Fukuoka,5072,17491962,machine,20155832
2010,40,Fukuoka,5072,17491962,chemical,44428230
2010,40,Fukuoka,5072,17491962,Smachine,9381109
2010,40,Fukuoka,5072,17491962,miscind,5727030
2010,40,Fukuoka,5072,17491962,special,5661782
2010,40,Fukuoka,5072,17491962,total,112069734
2010,41,Saga,850,2663545,agriculture,1494011
2010,41,Saga,850,2663545,wood,180647
2010,41,Saga,850,2663545,mine,1808801
2010,41,Saga,850,2663545,machine,1732218
2010,41,Saga,850,2663545,chemical,4024439
2010,41,Saga,850,2663545,Smachine,3114613
2010,41,Saga,850,2663545,miscind,2037043
2010,41,Saga,850,2663545,special,793824
2010,41,Saga,850,2663545,total,15185596
2010,42,Nagasaki,1427,4297381,agriculture,1275742
2010,42,Nagasaki,1427,4297381,wood,158328
2010,42,Nagasaki,1427,4297381,mine,5955548
2010,42,Nagasaki,1427,4297381,machine,2578796
2010,42,Nagasaki,1427,4297381,chemical,4447436
2010,42,Nagasaki,1427,4297381,Smachine,1026417
2010,42,Nagasaki,1427,4297381,miscind,189748
2010,42,Nagasaki,1427,4297381,special,1139224
2010,42,Nagasaki,1427,4297381,total,16771239
2010,43,Kumamoto,1817,5366700,agriculture,1866018
2010,43,Kumamoto,1817,5366700,wood,386819
2010,43,Kumamoto,1817,5366700,mine,8133254
2010,43,Kumamoto,1817,5366700,machine,3192049
2010,43,Kumamoto,1817,5366700,chemical,8413512
2010,43,Kumamoto,1817,5366700,Smachine,2657347
2010,43,Kumamoto,1817,5366700,miscind,708090
2010,43,Kumamoto,1817,5366700,special,1806315
2010,43,Kumamoto,1817,5366700,total,27163404
2010,44,Ooita,1197,3994123,agriculture,562774
2010,44,Ooita,1197,3994123,wood,364548
2010,44,Ooita,1197,3994123,mine,12659196
2010,44,Ooita,1197,3994123,machine,10081133
2010,44,Ooita,1197,3994123,chemical,24757744
2010,44,Ooita,1197,3994123,Smachine,1898472
2010,44,Ooita,1197,3994123,miscind,262520
2010,44,Ooita,1197,3994123,special,4612260
2010,44,Ooita,1197,3994123,total,55198647
2010,45,Miyazaki,1135,3464883,agriculture,1390675
2010,45,Miyazaki,1135,3464883,wood,564158
2010,45,Miyazaki,1135,3464883,mine,4205433
2010,45,Miyazaki,1135,3464883,machine,1115006
2010,45,Miyazaki,1135,3464883,chemical,5564753
2010,45,Miyazaki,1135,3464883,Smachine,1964448
2010,45,Miyazaki,1135,3464883,miscind,526636
2010,45,Miyazaki,1135,3464883,special,2070324
2010,45,Miyazaki,1135,3464883,total,17401433
2010,46,Kagoshima,1706,5348792,agriculture,6417234
2010,46,Kagoshima,1706,5348792,wood,130718
2010,46,Kagoshima,1706,5348792,mine,7598263
2010,46,Kagoshima,1706,5348792,machine,2343896
2010,46,Kagoshima,1706,5348792,chemical,5930900
2010,46,Kagoshima,1706,5348792,Smachine,2293778
2010,46,Kagoshima,1706,5348792,miscind,528195
2010,46,Kagoshima,1706,5348792,special,6321045
2010,46,Kagoshima,1706,5348792,total,31564029
2010,47,Okinawa,1393,3691823,agriculture,725146
2010,47,Okinawa,1393,3691823,wood,10991
2010,47,Okinawa,1393,3691823,mine,6050858
2010,47,Okinawa,1393,3691823,machine,1134884
2010,47,Okinawa,1393,3691823,chemical,10539924
2010,47,Okinawa,1393,3691823,Smachine,1776139
2010,47,Okinawa,1393,3691823,miscind,308130
2010,47,Okinawa,1393,3691823,special,660183
2010,47,Okinawa,1393,3691823,total,21206255
2015,1,Hokkaido,5382,18484615,agriculture,12188386
2015,1,Hokkaido,5382,18484615,wood,797494
2015,1,Hokkaido,5382,18484615,mine,45767693
2015,1,Hokkaido,5382,18484615,machine,7723757
2015,1,Hokkaido,5382,18484615,chemical,37454832
2015,1,Hokkaido,5382,18484615,Smachine,11821721
2015,1,Hokkaido,5382,18484615,miscind,2582484
2015,1,Hokkaido,5382,18484615,special,6133149
2015,1,Hokkaido,5382,18484615,total,124469516
2015,2,Aomori,1308,4427910,agriculture,2929534
2015,2,Aomori,1308,4427910,wood,917500
2015,2,Aomori,1308,4427910,mine,12753403
2015,2,Aomori,1308,4427910,machine,1912968
2015,2,Aomori,1308,4427910,chemical,5097215
2015,2,Aomori,1308,4427910,Smachine,1622029
2015,2,Aomori,1308,4427910,miscind,689143
2015,2,Aomori,1308,4427910,special,4028770
2015,2,Aomori,1308,4427910,total,29950562
2015,3,Iwate,1280,4647038,agriculture,1472170
2015,3,Iwate,1280,4647038,wood,482637
2015,3,Iwate,1280,4647038,mine,14135837
2015,3,Iwate,1280,4647038,machine,2343296
2015,3,Iwate,1280,4647038,chemical,9893201
2015,3,Iwate,1280,4647038,Smachine,1162904
2015,3,Iwate,1280,4647038,miscind,546957
2015,3,Iwate,1280,4647038,special,1209265
2015,3,Iwate,1280,4647038,total,31246267
2015,4,Miyagi,2334,8895851,agriculture,2452522
2015,4,Miyagi,2334,8895851,wood,796310
2015,4,Miyagi,2334,8895851,mine,12051468
2015,4,Miyagi,2334,8895851,machine,13026262
2015,4,Miyagi,2334,8895851,chemical,18070440
2015,4,Miyagi,2334,8895851,Smachine,5507197
2015,4,Miyagi,2334,8895851,miscind,1234360
2015,4,Miyagi,2334,8895851,special,2789345
2015,4,Miyagi,2334,8895851,total,55927904
2015,5,Akita,1023,3458566,agriculture,740697
2015,5,Akita,1023,3458566,wood,302720
2015,5,Akita,1023,3458566,mine,5256099
2015,5,Akita,1023,3458566,machine,895460
2015,5,Akita,1023,3458566,chemical,4679067
2015,5,Akita,1023,3458566,Smachine,1115680
2015,5,Akita,1023,3458566,miscind,525424
2015,5,Akita,1023,3458566,special,557695
2015,5,Akita,1023,3458566,total,14072842
2015,6,Yamagata,1124,3754564,agriculture,721882
2015,6,Yamagata,1124,3754564,wood,276573
2015,6,Yamagata,1124,3754564,mine,2763578
2015,6,Yamagata,1124,3754564,machine,1114095
2015,6,Yamagata,1124,3754564,chemical,6323119
2015,6,Yamagata,1124,3754564,Smachine,1661610
2015,6,Yamagata,1124,3754564,miscind,338866
2015,6,Yamagata,1124,3754564,special,761987
2015,6,Yamagata,1124,3754564,total,13961710
2015,7,Fukushima,1914,7399862,agriculture,1306678
2015,7,Fukushima,1914,7399862,wood,418230
2015,7,Fukushima,1914,7399862,mine,18845419
2015,7,Fukushima,1914,7399862,machine,3457613
2015,7,Fukushima,1914,7399862,chemical,13349676
2015,7,Fukushima,1914,7399862,Smachine,3388610
2015,7,Fukushima,1914,7399862,miscind,2397271
2015,7,Fukushima,1914,7399862,special,1261557
2015,7,Fukushima,1914,7399862,total,44425054
2015,8,Ibaraki,2917,11612394,agriculture,6910638
2015,8,Ibaraki,2917,11612394,wood,407392
2015,8,Ibaraki,2917,11612394,mine,20849176
2015,8,Ibaraki,2917,11612394,machine,16714240
2015,8,Ibaraki,2917,11612394,chemical,31081057
2015,8,Ibaraki,2917,11612394,Smachine,6229687
2015,8,Ibaraki,2917,11612394,miscind,1809925
2015,8,Ibaraki,2917,11612394,special,14680610
2015,8,Ibaraki,2917,11612394,total,98682725
2015,9,Tochigi,1974,8182902,agriculture,1147639
2015,9,Tochigi,1974,8182902,wood,434399
2015,9,Tochigi,1974,8182902,mine,23849457
2015,9,Tochigi,1974,8182902,machine,7668530
2015,9,Tochigi,1974,8182902,chemical,10189249
2015,9,Tochigi,1974,8182902,Smachine,3664191
2015,9,Tochigi,1974,8182902,miscind,2732017
2015,9,Tochigi,1974,8182902,special,1209745
2015,9,Tochigi,1974,8182902,total,50895227
2015,10,Gunma,1973,8005480,agriculture,1655873
2015,10,Gunma,1973,8005480,wood,302030
2015,10,Gunma,1973,8005480,mine,7120913
2015,10,Gunma,1973,8005480,machine,8497102
2015,10,Gunma,1973,8005480,chemical,10726253
2015,10,Gunma,1973,8005480,Smachine,7087932
2015,10,Gunma,1973,8005480,miscind,1766746
2015,10,Gunma,1973,8005480,special,2193443
2015,10,Gunma,1973,8005480,total,39350292
2015,11,Saitama,7267,20914429,agriculture,3986545
2015,11,Saitama,7267,20914429,wood,1060390
2015,11,Saitama,7267,20914429,mine,14468342
2015,11,Saitama,7267,20914429,machine,10329471
2015,11,Saitama,7267,20914429,chemical,32899214
2015,11,Saitama,7267,20914429,Smachine,11864967
2015,11,Saitama,7267,20914429,miscind,6029582
2015,11,Saitama,7267,20914429,special,4113025
2015,11,Saitama,7267,20914429,total,84751536
2015,12,Chiba,6223,20044937,agriculture,4588249
2015,12,Chiba,6223,20044937,wood,280839
2015,12,Chiba,6223,20044937,mine,14627992
2015,12,Chiba,6223,20044937,machine,28255565
2015,12,Chiba,6223,20044937,chemical,93126549
2015,12,Chiba,6223,20044937,Smachine,8057092
2015,12,Chiba,6223,20044937,miscind,1541319
2015,12,Chiba,6223,20044937,special,7332287
2015,12,Chiba,6223,20044937,total,157809892
2015,13,Tokyo,13515,94902086,agriculture,12835588
2015,13,Tokyo,13515,94902086,wood,1301967
2015,13,Tokyo,13515,94902086,mine,8456317
2015,13,Tokyo,13515,94902086,machine,14495312
2015,13,Tokyo,13515,94902086,chemical,18903715
2015,13,Tokyo,13515,94902086,Smachine,22604346
2015,13,Tokyo,13515,94902086,miscind,7125690
2015,13,Tokyo,13515,94902086,special,8982082
2015,13,Tokyo,13515,94902086,total,94705017
2015,14,Kanagawa,9126,30322048,agriculture,9576216
2015,14,Kanagawa,9126,30322048,wood,144157
2015,14,Kanagawa,9126,30322048,mine,8625906
2015,14,Kanagawa,9126,30322048,machine,20744845
2015,14,Kanagawa,9126,30322048,chemical,76009735
2015,14,Kanagawa,9126,30322048,Smachine,12408809
2015,14,Kanagawa,9126,30322048,miscind,10172401
2015,14,Kanagawa,9126,30322048,special,5899674
2015,14,Kanagawa,9126,30322048,total,143581743
2015,15,Niigata,2304,8699072,agriculture,1929009
2015,15,Niigata,2304,8699072,wood,2011009
2015,15,Niigata,2304,8699072,mine,15036849
2015,15,Niigata,2304,8699072,machine,7014385
2015,15,Niigata,2304,8699072,chemical,13428453
2015,15,Niigata,2304,8699072,Smachine,6855998
2015,15,Niigata,2304,8699072,miscind,2075972
2015,15,Niigata,2304,8699072,special,1467039
2015,15,Niigata,2304,8699072,total,49818714
2015,16,Toyama,1066,4452554,agriculture,882296
2015,16,Toyama,1066,4452554,wood,382941
2015,16,Toyama,1066,4452554,mine,3308736
2015,16,Toyama,1066,4452554,machine,5525014
2015,16,Toyama,1066,4452554,chemical,11678245
2015,16,Toyama,1066,4452554,Smachine,2307453
2015,16,Toyama,1066,4452554,miscind,478377
2015,16,Toyama,1066,4452554,special,518842
2015,16,Toyama,1066,4452554,total,25081904
2015,17,Ishikawa,1154,4588046,agriculture,956053
2015,17,Ishikawa,1154,4588046,wood,144181
2015,17,Ishikawa,1154,4588046,mine,6014558
2015,17,Ishikawa,1154,4588046,machine,2227115
2015,17,Ishikawa,1154,4588046,chemical,3810119
2015,17,Ishikawa,1154,4588046,Smachine,1991078
2015,17,Ishikawa,1154,4588046,miscind,904203
2015,17,Ishikawa,1154,4588046,special,627683
2015,17,Ishikawa,1154,4588046,total,16674990
2015,18,Fukui,787,3129992,agriculture,262210
2015,18,Fukui,787,3129992,wood,121843
2015,18,Fukui,787,3129992,mine,3231187
2015,18,Fukui,787,3129992,machine,1666965
2015,18,Fukui,787,3129992,chemical,4789893
2015,18,Fukui,787,3129992,Smachine,1054568
2015,18,Fukui,787,3129992,miscind,448019
2015,18,Fukui,787,3129992,special,433089
2015,18,Fukui,787,3129992,total,12007774
2015,19,Yamanashi,835,3118690,agriculture,473209
2015,19,Yamanashi,835,3118690,wood,749930
2015,19,Yamanashi,835,3118690,mine,5235997
2015,19,Yamanashi,835,3118690,machine,1235983
2015,19,Yamanashi,835,3118690,chemical,2533019
2015,19,Yamanashi,835,3118690,Smachine,1646007
2015,19,Yamanashi,835,3118690,miscind,247731
2015,19,Yamanashi,835,3118690,special,437942
2015,19,Yamanashi,835,3118690,total,12559818
2015,20,Nagano,2099,7886952,agriculture,1788272
2015,20,Nagano,2099,7886952,wood,722277
2015,20,Nagano,2099,7886952,mine,10956398
2015,20,Nagano,2099,7886952,machine,4678663
2015,20,Nagano,2099,7886952,chemical,4998047
2015,20,Nagano,2099,7886952,Smachine,3960470
2015,20,Nagano,2099,7886952,miscind,1515913
2015,20,Nagano,2099,7886952,special,540144
2015,20,Nagano,2099,7886952,total,29160184
2015,21,Gifu,2032,7208829,agriculture,741505
2015,21,Gifu,2032,7208829,wood,323140
2015,21,Gifu,2032,7208829,mine,25151447
2015,21,Gifu,2032,7208829,machine,4430279
2015,21,Gifu,2032,7208829,chemical,10811310
2015,21,Gifu,2032,7208829,Smachine,3960321
2015,21,Gifu,2032,7208829,miscind,1234313
2015,21,Gifu,2032,7208829,special,1956104
2015,21,Gifu,2032,7208829,total,48608419
2015,22,Shizuoka,3700,15442514,agriculture,5233122
2015,22,Shizuoka,3700,15442514,wood,1139679
2015,22,Shizuoka,3700,15442514,mine,9870393
2015,22,Shizuoka,3700,15442514,machine,13182261
2015,22,Shizuoka,3700,15442514,chemical,17169378
2015,22,Shizuoka,3700,15442514,Smachine,16637305
2015,22,Shizuoka,3700,15442514,miscind,3629011
2015,22,Shizuoka,3700,15442514,special,7462137
2015,22,Shizuoka,3700,15442514,total,74323286
2015,23,Aichi,7483,35990293,agriculture,9088984
2015,23,Aichi,7483,35990293,wood,5305774
2015,23,Aichi,7483,35990293,mine,17824195
2015,23,Aichi,7483,35990293,machine,61901368
2015,23,Aichi,7483,35990293,chemical,57648231
2015,23,Aichi,7483,35990293,Smachine,13837574
2015,23,Aichi,7483,35990293,miscind,9104006
2015,23,Aichi,7483,35990293,special,15454985
2015,23,Aichi,7483,35990293,total,190165117
2015,24,Mie,1816,7656376,agriculture,1705077
2015,24,Mie,1816,7656376,wood,3021225
2015,24,Mie,1816,7656376,mine,14564934
2015,24,Mie,1816,7656376,machine,6249179
2015,24,Mie,1816,7656376,chemical,39248240
2015,24,Mie,1816,7656376,Smachine,2455046
2015,24,Mie,1816,7656376,miscind,1947821
2015,24,Mie,1816,7656376,special,1172229
2015,24,Mie,1816,7656376,total,70363751
2015,25,Shiga,1413,5845873,agriculture,698423
2015,25,Shiga,1413,5845873,wood,55340
2015,25,Shiga,1413,5845873,mine,1670579
2015,25,Shiga,1413,5845873,machine,5457155
2015,25,Shiga,1413,5845873,chemical,16247973
2015,25,Shiga,1413,5845873,Smachine,2305981
2015,25,Shiga,1413,5845873,miscind,955390
2015,25,Shiga,1413,5845873,special,968934
2015,25,Shiga,1413,5845873,total,28359775
2015,26,Kyoto,2610,10053754,agriculture,2293572
2015,26,Kyoto,2610,10053754,wood,283866
2015,26,Kyoto,2610,10053754,mine,5498935
2015,26,Kyoto,2610,10053754,machine,3173647
2015,26,Kyoto,2610,10053754,chemical,6356652
2015,26,Kyoto,2610,10053754,Smachine,4030056
2015,26,Kyoto,2610,10053754,miscind,1709957
2015,26,Kyoto,2610,10053754,special,1106526
2015,26,Kyoto,2610,10053754,total,24453211
2015,27,Osaka,8839,37933987,agriculture,9298753
2015,27,Osaka,8839,37933987,wood,2402184
2015,27,Osaka,8839,37933987,mine,5842552
2015,27,Osaka,8839,37933987,machine,39785550
2015,27,Osaka,8839,37933987,chemical,49006530
2015,27,Osaka,8839,37933987,Smachine,14321836
2015,27,Osaka,8839,37933987,miscind,7225467
2015,27,Osaka,8839,37933987,special,5970278
2015,27,Osaka,8839,37933987,total,133853150
2015,28,Hyougo,5535,19788071,agriculture,8365595
2015,28,Hyougo,5535,19788071,wood,1444424
2015,28,Hyougo,5535,19788071,mine,13609257
2015,28,Hyougo,5535,19788071,machine,26670128
2015,28,Hyougo,5535,19788071,chemical,32014511
2015,28,Hyougo,5535,19788071,Smachine,13699598
2015,28,Hyougo,5535,19788071,miscind,6081645
2015,28,Hyougo,5535,19788071,special,9921524
2015,28,Hyougo,5535,19788071,total,111806682
2015,29,Nara,1364,3540714,agriculture,490238
2015,29,Nara,1364,3540714,wood,375767
2015,29,Nara,1364,3540714,mine,984920
2015,29,Nara,1364,3540714,machine,1386891
2015,29,Nara,1364,3540714,chemical,3446911
2015,29,Nara,1364,3540714,Smachine,898608
2015,29,Nara,1364,3540714,miscind,951464
2015,29,Nara,1364,3540714,special,410789
2015,29,Nara,1364,3540714,total,8945588
2015,30,Wakayama,964,3579029,agriculture,558022
2015,30,Wakayama,964,3579029,wood,33346
2015,30,Wakayama,964,3579029,mine,3002557
2015,30,Wakayama,964,3579029,machine,6739228
2015,30,Wakayama,964,3579029,chemical,12860439
2015,30,Wakayama,964,3579029,Smachine,1013053
2015,30,Wakayama,964,3579029,miscind,655370
2015,30,Wakayama,964,3579029,special,248696
2015,30,Wakayama,964,3579029,total,25110711
2015,31,Tottori,573,1779178,agriculture,322220
2015,31,Tottori,573,1779178,wood,128166
2015,31,Tottori,573,1779178,mine,848880
2015,31,Tottori,573,1779178,machine,444811
2015,31,Tottori,573,1779178,chemical,1853033
2015,31,Tottori,573,1779178,Smachine,1723114
2015,31,Tottori,573,1779178,miscind,642193
2015,31,Tottori,573,1779178,special,245629
2015,31,Tottori,573,1779178,total,6208046
2015,32,Shimane,694,2382265,agriculture,391014
2015,32,Shimane,694,2382265,wood,643052
2015,32,Shimane,694,2382265,mine,5490875
2015,32,Shimane,694,2382265,machine,2301858
2015,32,Shimane,694,2382265,chemical,3172636
2015,32,Shimane,694,2382265,Smachine,480451
2015,32,Shimane,694,2382265,miscind,340748
2015,32,Shimane,694,2382265,special,240417
2015,32,Shimane,694,2382265,total,13061051
2015,33,Okayama,1922,7242774,agriculture,4169087
2015,33,Okayama,1922,7242774,wood,628294
2015,33,Okayama,1922,7242774,mine,18998252
2015,33,Okayama,1922,7242774,machine,15879950
2015,33,Okayama,1922,7242774,chemical,41032433
2015,33,Okayama,1922,7242774,Smachine,3936259
2015,33,Okayama,1922,7242774,miscind,1619929
2015,33,Okayama,1922,7242774,special,6893966
2015,33,Okayama,1922,7242774,total,93158170
2015,34,Hiroshima,2844,11237887,agriculture,1938725
2015,34,Hiroshima,2844,11237887,wood,1903855
2015,34,Hiroshima,2844,11237887,mine,11340354
2015,34,Hiroshima,2844,11237887,machine,30715087
2015,34,Hiroshima,2844,11237887,chemical,11773873
2015,34,Hiroshima,2844,11237887,Smachine,4456996
2015,34,Hiroshima,2844,11237887,miscind,1220442
2015,34,Hiroshima,2844,11237887,special,8078763
2015,34,Hiroshima,2844,11237887,total,71428095
2015,35,Yamaguchi,1405,5969042,agriculture,916091
2015,35,Yamaguchi,1405,5969042,wood,254875
2015,35,Yamaguchi,1405,5969042,mine,19932083
2015,35,Yamaguchi,1405,5969042,machine,7155896
2015,35,Yamaguchi,1405,5969042,chemical,54934830
2015,35,Yamaguchi,1405,5969042,Smachine,1516969
2015,35,Yamaguchi,1405,5969042,miscind,895911
2015,35,Yamaguchi,1405,5969042,special,1414871
2015,35,Yamaguchi,1405,5969042,total,87021526
2015,36,Tokushima,756,3012328,agriculture,478207
2015,36,Tokushima,756,3012328,wood,274274
2015,36,Tokushima,756,3012328,mine,2634556
2015,36,Tokushima,756,3012328,machine,1247987
2015,36,Tokushima,756,3012328,chemical,2275768
2015,36,Tokushima,756,3012328,Smachine,1437282
2015,36,Tokushima,756,3012328,miscind,910407
2015,36,Tokushima,756,3012328,special,750033
2015,36,Tokushima,756,3012328,total,10008514
2015,37,Kagawa,976,3672273,agriculture,1221101
2015,37,Kagawa,976,3672273,wood,577753
2015,37,Kagawa,976,3672273,mine,2976416
2015,37,Kagawa,976,3672273,machine,3051085
2015,37,Kagawa,976,3672273,chemical,16494163
2015,37,Kagawa,976,3672273,Smachine,2574888
2015,37,Kagawa,976,3672273,miscind,1045474
2015,37,Kagawa,976,3672273,special,1184496
2015,37,Kagawa,976,3672273,total,29125376
2015,38,Ehime,1385,4756495,agriculture,1090420
2015,38,Ehime,1385,4756495,wood,794905
2015,38,Ehime,1385,4756495,mine,11065363
2015,38,Ehime,1385,4756495,machine,3407592
2015,38,Ehime,1385,4756495,chemical,10687036
2015,38,Ehime,1385,4756495,Smachine,6321337
2015,38,Ehime,1385,4756495,miscind,1229779
2015,38,Ehime,1385,4756495,special,1037514
2015,38,Ehime,1385,4756495,total,35633946
2015,39,Kouchi,728,2349510,agriculture,683446
2015,39,Kouchi,728,2349510,wood,321988
2015,39,Kouchi,728,2349510,mine,22257808
2015,39,Kouchi,728,2349510,machine,1148133
2015,39,Kouchi,728,2349510,chemical,7148484
2015,39,Kouchi,728,2349510,Smachine,713612
2015,39,Kouchi,728,2349510,miscind,101402
2015,39,Kouchi,728,2349510,special,200968
2015,39,Kouchi,728,2349510,total,32575841
2015,40,Fukuoka,5102,18112171,agriculture,8519246
2015,40,Fukuoka,5102,18112171,wood,878336
2015,40,Fukuoka,5102,18112171,mine,29971896
2015,40,Fukuoka,5102,18112171,machine,17018710
2015,40,Fukuoka,5102,18112171,chemical,42048675
2015,40,Fukuoka,5102,18112171,Smachine,8507105
2015,40,Fukuoka,5102,18112171,miscind,4738693
2015,40,Fukuoka,5102,18112171,special,11518934
2015,40,Fukuoka,5102,18112171,total,123201595
2015,41,Saga,833,2737221,agriculture,814529
2015,41,Saga,833,2737221,wood,273738
2015,41,Saga,833,2737221,mine,2883058
2015,41,Saga,833,2737221,machine,1483424
2015,41,Saga,833,2737221,chemical,3906391
2015,41,Saga,833,2737221,Smachine,3148839
2015,41,Saga,833,2737221,miscind,1080641
2015,41,Saga,833,2737221,special,617767
2015,41,Saga,833,2737221,total,14208387
2015,42,Nagasaki,1377,4310310,agriculture,2080683
2015,42,Nagasaki,1377,4310310,wood,359445
2015,42,Nagasaki,1377,4310310,mine,4056303
2015,42,Nagasaki,1377,4310310,machine,2115078
2015,42,Nagasaki,1377,4310310,chemical,3577888
2015,42,Nagasaki,1377,4310310,Smachine,998267
2015,42,Nagasaki,1377,4310310,miscind,450941
2015,42,Nagasaki,1377,4310310,special,396147
2015,42,Nagasaki,1377,4310310,total,14034752
2015,43,Kumamoto,1786,5599928,agriculture,1839683
2015,43,Kumamoto,1786,5599928,wood,461500
2015,43,Kumamoto,1786,5599928,mine,7681998
2015,43,Kumamoto,1786,5599928,machine,2874211
2015,43,Kumamoto,1786,5599928,chemical,5781218
2015,43,Kumamoto,1786,5599928,Smachine,2002586
2015,43,Kumamoto,1786,5599928,miscind,850103
2015,43,Kumamoto,1786,5599928,special,2152844
2015,43,Kumamoto,1786,5599928,total,23644143
2015,44,Ooita,1166,4142638,agriculture,685278
2015,44,Ooita,1166,4142638,wood,1770756
2015,44,Ooita,1166,4142638,mine,13706559
2015,44,Ooita,1166,4142638,machine,11064790
2015,44,Ooita,1166,4142638,chemical,25006927
2015,44,Ooita,1166,4142638,Smachine,1687380
2015,44,Ooita,1166,4142638,miscind,180266
2015,44,Ooita,1166,4142638,special,4397754
2015,44,Ooita,1166,4142638,total,58499710
2015,45,Miyazaki,1104,3643441,agriculture,1500698
2015,45,Miyazaki,1104,3643441,wood,657421
2015,45,Miyazaki,1104,3643441,mine,3525008
2015,45,Miyazaki,1104,3643441,machine,597605
2015,45,Miyazaki,1104,3643441,chemical,5702006
2015,45,Miyazaki,1104,3643441,Smachine,1702632
2015,45,Miyazaki,1104,3643441,miscind,947604
2015,45,Miyazaki,1104,3643441,special,2383239
2015,45,Miyazaki,1104,3643441,total,17016213
2015,46,Kagoshima,1648,5330338,agriculture,6676265
2015,46,Kagoshima,1648,5330338,wood,247527
2015,46,Kagoshima,1648,5330338,mine,9668769
2015,46,Kagoshima,1648,5330338,machine,781037
2015,46,Kagoshima,1648,5330338,chemical,4873191
2015,46,Kagoshima,1648,5330338,Smachine,2611927
2015,46,Kagoshima,1648,5330338,miscind,1684215
2015,46,Kagoshima,1648,5330338,special,6186117
2015,46,Kagoshima,1648,5330338,total,32729048
2015,47,Okinawa,1434,4051060,agriculture,943789
2015,47,Okinawa,1434,4051060,wood,14256
2015,47,Okinawa,1434,4051060,mine,11519952
2015,47,Okinawa,1434,4051060,machine,708861
2015,47,Okinawa,1434,4051060,chemical,6148572
2015,47,Okinawa,1434,4051060,Smachine,1052887
2015,47,Okinawa,1434,4051060,miscind,131386
2015,47,Okinawa,1434,4051060,special,698150
2015,47,Okinawa,1434,4051060,total,21217853
